,Date,Peak Generation,Daily Energy Generation,Lowest Energy Generation,Daily Energy Sent,6:00 Generation,Highest System Frequency,Lowest System Frequency,Highest Voltage Recorded,Lowest Voltage Recorded
0,2022-09-09,4409.4,100435.58,3516.35,99144.33,4359.4,50.73,49.01,350.0,300.0
1,2022-07-11,4022.2,90621.28,3521.3,89393.08,3941.1,50.857,49.0,355.0,300.0
2,2022-05-19,3758.6,84434.45,3185.6,83339.89,3526.3,50.718,49.025,358.0,300.0
3,2023-10-27,4876.3,111619.53,4405.7,110217.64,4867.8,50.508,49.052,346.0,292.0
4,2022-10-08,4263.7,97661.74,3722.1,96304.3,3571.6,50.76,49.0,347.0,299.0
5,2023-01-15,4198.2,98274.94,3934.3,96882.58,3803.93,50.405,49.036,358.0,300.0
6,2023-11-15,4438.28,88102.27,2749.72,86605.69,4764.28,50.94,49.42,361.0,300.0
7,2021-10-03,4849.03,95387.46,3284.0,93940.12,4160.9,50.928,49.816,349.0,300.0
8,2023-03-23,4515.0,103111.07,3435.4,101656.25,4386.7,51.15,49.09,358.0,300.0
9,2023-09-24,4726.9,97895.81,3537.9,96689.39,4389.4,50.977,49.598,352.0,300.0
10,2023-03-29,4663.6,105462.69,3625.5,103940.59,4606.1,51.259,49.014,346.0,291.0
11,2021-10-09,4620.1,97829.83,3530.1,96442.85,3875.9,50.77,48.35,351.0,300.0
12,2023-11-01,4958.2,111107.78,4260.5,109726.46,4887.7,50.45,49.33,346.0,297.0
13,2021-12-21,4939.8,103195.05,3907.5,101603.46,4511.2,50.773,49.017,354.0,295.0
14,2023-01-01,4720.6,103988.01,3816.8,102792.25,4084.7,50.68,49.735,358.0,300.0
15,2023-05-14,4410.5,100796.83,3908.3,99324.68,2409.5,51.19,49.38,357.0,300.0
16,2023-07-26,4040.9,95424.2,3860.6,94239.76,4060.99,50.55,48.94,349.0,300.0
17,2022-07-05,3727.7,81310.5,3158.5,80175.03,3645.9,50.356,49.029,357.0,300.0
18,2022-11-22,4405.6,102397.64,4169.5,101024.23,4176.7,50.32,49.0,352.0,300.0
19,2022-09-03,4446.7,97435.18,3310.5,96065.76,3804.3,51.076,48.99,353.0,300.0
20,2022-03-10,4119.2,92700.42,3658.3,91320.89,3851.3,50.65,49.053,363.0,300.0
21,2022-01-22,4450.2,101980.8,3892.3,100446.88,4118.1,50.52,49.0,352.0,294.0
22,2023-06-18,3948.28,85874.67,3262.7,85185.5,4086.4,50.965,49.023,350.0,300.0
23,2022-06-18,3651.59,80903.35,3194.5,79864.63,3231.6,50.464,49.017,356.0,300.0
24,2023-01-22,4261.61,97250.33,3698.8,95980.7,4330.5,50.98,49.0,350.0,300.0
25,2021-10-30,4743.81,99259.32,3634.7,98032.5,3705.7,50.68,49.79,353.0,300.0
26,2023-03-10,4504.2,102563.48,3746.5,101076.19,4188.5,51.03,48.7,352.0,293.0
27,2023-09-03,4379.5,93451.5,3444.3,92324.53,3543.8,50.578,49.256,350.0,300.0
28,2023-07-05,4275.24,97849.15,3853.5,96132.61,4323.2,50.629,49.012,350.0,300.0
29,2022-07-26,3734.7,87577.48,3592.1,86359.28,3709.6,50.582,48.95,358.0,290.0
30,2022-05-14,3871.6,81452.41,2589.8,80362.71,3639.9,51.89,49.01,358.0,300.0
31,2022-01-01,5111.8,108296.47,4060.9,106655.41,4275.6,50.444,49.176,352.0,297.0
32,2022-03-29,4087.8,93352.25,3681.4,92263.82,4001.4,50.61,49.6,352.0,300.0
33,2022-09-24,4215.8,97699.46,3838.6,96271.03,3995.9,50.41,49.11,351.0,300.0
34,2022-11-01,4803.0,108482.78,4182.3,107335.02,4863.7,50.5,49.0,353.0,300.0
35,2022-11-15,4735.1,108693.08,4344.18,107666.46,4561.4,50.4,49.0,352.0,300.0
36,2022-03-23,3920.4,90997.83,3478.7,89991.9,3827.5,50.58,49.346,352.0,292.0
37,2022-01-15,4611.94,102690.22,3996.1,100817.44,3919.0,51.006,49.023,352.0,293.0
38,2023-10-08,5042.0,110294.84,4204.4,109150.4,4769.3,50.67,49.25,345.0,300.0
39,2023-05-19,4782.1,101368.61,3729.6,99657.58,4002.0,50.904,48.88,352.0,300.0
40,2022-10-27,4479.1,99471.61,3951.28,98383.42,4455.9,50.402,49.02,354.0,300.0
41,2023-07-11,4336.64,99563.82,3894.8,97879.23,3994.2,50.819,48.93,350.0,300.0
42,2023-03-04,5219.33,111755.21,4205.5,110191.86,4849.4,50.94,49.09,350.0,290.0
43,2021-10-24,4329.39,91810.12,2781.5,90640.97,3724.1,51.68,49.567,354.0,300.0
44,2021-12-16,5159.1,108504.0,4043.7,106901.08,4742.7,50.54,49.47,352.0,294.0
45,2023-10-24,4806.8,108133.06,4268.9,106905.84,4763.5,50.534,49.016,346.0,296.0
46,2023-02-16,4906.2,114802.41,4547.4,113294.4,4839.7,50.62,49.03,352.0,300.0
47,2023-08-01,4031.5,92527.32,3573.6,91052.76,4134.1,50.42,48.96,353.0,300.0
48,2022-03-07,4100.2,95340.55,3854.6,94092.74,4033.7,50.403,49.071,363.0,300.0
49,2022-04-12,3904.6,87768.75,2932.1,86760.88,3827.1,51.158,49.245,360.0,300.0
50,2023-03-28,4633.05,105005.15,4183.8,103840.82,4109.69,51.344,49.021,344.0,296.0
51,2021-10-08,4907.59,105701.39,3641.1,104198.76,4017.6,50.99,48.75,377.0,290.0
52,2022-06-20,3540.6,79578.43,3176.6,78579.21,3384.4,50.462,49.02,356.0,300.0
53,2022-08-22,4494.1,101312.77,3645.4,100390.09,4051.6,50.813,49.059,352.0,300.0
54,2022-10-03,3889.34,89912.13,3428.1,88775.73,3852.8,50.648,49.03,353.0,305.0
55,2022-12-21,4683.7,104477.76,4180.9,103203.49,4645.8,50.34,49.07,353.0,300.0
56,2022-10-09,4262.48,93438.46,3105.4,92095.83,4171.0,51.259,49.03,353.0,300.0
57,2023-05-17,4703.81,106241.29,4101.5,104601.84,3136.2,50.772,49.056,351.0,300.0
58,2022-02-21,4611.3,101492.7,3842.0,100070.18,4321.9,50.408,49.0,358.0,300.0
59,2023-09-27,4431.4,99505.83,3655.5,98302.14,4234.7,50.78,49.032,353.0,300.0
60,2022-04-06,4531.0,96264.72,3090.6,95014.12,4504.5,51.278,49.2,355.0,300.0
61,2023-06-13,4118.96,91005.23,3447.31,89695.47,4207.05,51.447,49.012,360.0,287.0
62,2022-09-08,4451.1,101926.22,3884.8,100597.81,4164.3,50.565,49.022,350.0,300.0
63,2023-04-25,4519.0,101418.06,3736.2,100148.6,4090.3,51.155,49.0,349.0,300.0
64,2023-08-15,4130.8,95343.27,3549.9,94284.1,4123.0,50.655,49.011,352.0,300.0
65,2023-02-02,4560.5,104751.43,4000.4,103476.55,4450.4,50.81,48.7,358.0,300.0
66,2021-11-22,4749.5,104318.44,4102.8,102990.56,4416.5,50.7,49.11,354.0,300.0
67,2023-10-30,4801.2,107207.81,3921.1,105778.67,4158.6,50.674,49.288,355.0,295.0
68,2022-02-02,4801.3,102735.71,3794.5,101232.45,4239.5,50.7,49.03,355.0,290.0
69,2022-08-15,4688.6,90034.1,2551.7,89065.0,4185.9,51.31,49.0,361.0,300.0
70,2022-10-30,4571.28,103886.05,3903.6,102681.1,4371.29,50.6,48.69,353.0,300.0
71,2022-12-02,4388.7,101523.04,3998.69,100187.87,4407.34,50.25,48.99,351.0,300.0
72,2022-04-25,4193.8,93703.05,3456.4,92490.08,3867.2,51.246,49.028,367.0,300.0
73,2023-09-08,4081.7,94622.41,3346.2,93311.23,3331.8,50.74,49.01,357.0,300.0
74,2022-06-13,3333.6,67172.13,1490.0,66398.84,3165.0,51.306,49.18,355.0,300.0
75,2023-04-06,4445.23,104178.36,4228.01,102791.49,4360.1,50.79,49.01,349.0,300.0
76,2022-09-27,3992.1,85061.06,2990.7,84071.88,3387.7,51.227,49.181,357.0,300.0
77,2023-10-09,4900.13,110354.04,3984.6,109118.99,4755.8,50.51,49.23,345.0,300.0
78,2023-02-21,4899.3,113572.58,4205.3,112048.27,4763.4,50.969,49.029,353.0,300.0
79,2022-05-17,3804.4,83446.56,3054.4,82402.24,3790.2,50.95,49.03,358.0,300.0
80,2023-08-22,4259.9,99041.48,3793.1,9778.63,3947.5,50.692,49.01,347.0,295.0
81,2023-10-03,4701.66,106391.98,3974.1,105189.19,4790.9,50.852,49.187,347.0,300.0
82,2021-11-15,4858.27,107726.94,3968.9,106300.71,4795.5,50.664,49.101,352.0,295.0
83,2023-06-20,4476.01,100624.49,3826.4,99302.89,4060.1,50.624,48.91,347.0,300.0
84,2022-03-28,4266.7,96078.98,3797.2,94837.39,4087.8,50.51,49.17,353.0,300.0
85,2023-04-12,4414.5,99676.76,3943.3,98411.63,4292.6,50.905,48.976,354.0,300.0
86,2021-10-27,4791.49,100818.05,3592.7,99589.99,4100.6,50.972,49.75,352.0,300.0
87,2023-03-07,4703.0,99765.33,3509.3,98237.4,4604.3,50.872,49.0,352.0,278.0
88,2022-12-16,5128.4,115064.7,4520.0,113524.68,4793.2,50.33,49.48,350.0,300.0
89,2022-10-24,4238.36,95359.25,3596.1,94256.11,3619.1,50.73,49.23,352.0,300.0
90,2022-08-01,3920.8,86726.31,3336.7,85533.99,3880.5,50.777,49.058,355.0,300.0
91,2022-02-16,4536.4,98685.01,3776.3,97079.79,4371.9,50.685,49.0,360.0,300.0
92,2022-07-20,3967.1,58488.54,3.0,57645.4,3774.2,51.089,47.36,373.0,300.0
93,2021-11-08,4551.62,99461.05,3551.6,98122.01,4265.0,50.84,49.515,351.0,295.0
94,2022-05-12,3981.3,89198.4,3535.0,87987.49,3698.3,50.604,48.987,355.0,300.0
95,2022-01-03,4866.0,104712.56,3816.2,102971.9,4517.3,50.432,49.195,353.0,296.0
96,2022-11-03,4643.6,106491.6,4193.5,105328.02,4465.37,50.38,49.04,353.0,300.0
97,2022-09-22,4466.9,100225.92,3867.08,98808.78,4398.8,50.576,49.339,351.0,300.0
98,2023-01-24,4633.5,105655.33,4177.3,104209.69,4266.7,50.705,49.0,346.0,300.0
99,2023-09-01,4409.9,98668.47,3940.0,97247.14,3414.5,50.64,49.191,350.0,300.0
100,2023-03-16,4948.57,113304.12,4210.3,111767.03,4742.0,50.796,49.068,345.0,292.0
101,2023-11-24,5034.49,112584.34,4456.28,110931.51,4838.85,50.622,49.063,342.0,297.0
102,2022-12-07,4520.2,104145.0,4244.33,102700.43,4384.7,50.29,49.41,352.0,300.0
103,2022-02-07,4823.6,107069.52,3930.6,105631.15,4740.1,50.58,49.001,361.0,299.0
104,2023-05-25,4999.88,104218.37,3772.3,102558.65,4833.42,51.14,49.81,350.0,300.0
105,2022-08-08,3936.8,89808.17,3340.5,88556.16,3890.5,50.804,48.98,359.0,300.0
106,2023-07-13,4187.6,96925.08,3788.7,95245.66,4103.04,50.779,48.82,348.0,300.0
107,2021-10-22,4523.37,99601.24,3614.2,98130.6,3396.6,51.167,50.028,349.0,295.0
108,2023-03-02,4926.0,112993.98,4504.7,111520.64,4962.7,50.65,49.0,346.0,300.0
109,2023-09-15,4178.9,93782.65,3304.0,92573.11,2674.3,50.744,49.065,348.0,298.0
110,2023-01-30,4409.1,103023.77,4077.5,101599.17,4446.5,51.016,49.138,348.0,300.0
111,2022-03-21,3582.5,83250.39,3336.2,82225.22,3698.0,50.52,49.0,360.0,300.0
112,2023-04-17,4334.4,100801.99,4043.8,99525.06,4339.2,50.99,49.08,349.0,300.0
113,2022-11-09,4700.6,108278.4,4133.04,107149.13,4376.1,50.5,49.32,352.0,300.0
114,2022-01-09,5024.09,105800.59,4021.7,104169.14,4582.5,50.65,49.15,356.0,291.0
115,2022-05-06,4068.9,79054.83,2265.1,77715.09,3724.6,51.47,49.339,364.0,300.0
116,2023-08-27,4307.0,95817.13,3585.0,94551.06,4021.4,50.444,49.022,356.0,300.0
117,2022-08-27,4600.56,95841.32,3317.3,94596.75,3883.0,51.04,49.519,352.0,300.0
118,2023-05-06,4209.7,93586.19,2854.9,92269.36,4091.4,51.59,49.0,357.0,277.0
119,2021-12-29,4443.2,97797.34,3717.75,96218.22,3912.7,50.42,49.21,356.0,292.0
120,2023-01-09,4383.26,101662.73,4091.6,100331.73,4207.3,50.51,49.37,358.0,300.0
121,2022-04-17,3829.7,87553.76,3154.5,86564.47,3089.3,50.771,49.033,362.0,300.0
122,2023-03-21,4848.9,103464.98,3514.8,102009.44,4055.4,51.246,49.156,355.0,300.0
123,2023-11-09,4811.96,110650.67,4407.84,108990.67,4857.33,50.94,49.0,347.0,299.0
124,2021-10-01,4754.8,97822.79,3654.0,96258.79,3623.0,51.016,49.988,347.0,300.0
125,2022-01-30,4641.5,102561.65,3858.1,101026.63,4169.5,50.544,49.037,355.0,300.0
126,2022-09-15,4252.4,96944.35,3759.2,95645.67,4341.3,50.284,49.0,355.0,300.0
127,2022-03-02,4582.2,101093.94,3950.8,99643.42,4117.0,50.523,49.018,358.0,300.0
128,2022-07-13,4102.9,89035.99,3232.3,87802.02,4004.4,51.07,48.93,357.0,301.0
129,2023-08-08,3900.37,89774.66,3652.4,88395.72,3916.97,50.37,48.99,355.0,300.0
130,2022-05-25,3687.3,84840.74,3393.0,83795.82,3622.6,50.408,49.014,355.0,300.0
131,2023-02-07,4384.6,98933.37,3824.9,97545.88,4472.1,50.99,49.0,358.0,290.0
132,2021-11-27,5087.39,108361.39,4048.8,106802.88,4750.2,50.56,49.08,354.0,298.0
133,2022-03-16,3051.5,48574.73,427.6,47870.62,3389.0,51.13,49.69,351.0,300.0
134,2022-09-01,5043.4,102875.3,3298.48,101630.01,4360.9,51.1,49.83,354.0,300.0
135,2022-11-24,4137.52,95927.95,3898.2,94698.01,3889.91,50.21,48.94,351.0,300.0
136,2022-01-24,4606.16,95704.39,3581.4,94243.97,4389.7,50.678,49.037,359.0,300.0
137,2021-10-15,5092.57,107136.33,3955.4,105608.34,4203.8,50.609,49.828,348.0,297.0
138,2023-11-03,4910.1,113448.16,4506.0,112082.66,4800.5,50.51,49.1,347.0,300.0
139,2023-09-22,4623.4,95878.49,3015.5,94911.41,4060.4,51.354,49.529,365.0,294.0
140,2023-01-03,4735.95,105998.38,3828.6,104770.97,4540.73,50.571,49.137,356.0,300.0
141,2021-12-23,4944.7,105703.62,3911.7,104195.01,4254.4,50.564,49.352,357.0,291.0
142,2023-05-12,4013.1,92011.8,3453.5,90468.38,4154.7,50.85,48.74,358.0,300.0
143,2023-07-20,3974.3,87598.03,3453.2,86217.51,3560.7,50.851,48.7,353.0,300.0
144,2022-12-28,4719.4,103387.75,3733.9,102053.11,4408.3,50.678,48.73,356.0,300.0
145,2023-03-31,4680.3,108469.82,4313.9,107057.66,4230.7,50.659,49.0,347.0,293.0
146,2022-11-08,4647.06,106536.47,4114.9,105416.9,4584.3,50.41,49.08,352.0,300.0
147,2022-01-08,4867.8,104628.86,4020.2,103046.15,4521.0,50.769,49.275,353.0,292.0
148,2023-08-30,4490.2,96904.32,3534.3,95804.61,4332.99,50.432,49.081,349.0,300.0
149,2023-02-23,4801.1,111199.84,4414.2,109726.07,4513.8,50.616,49.01,356.0,300.0
150,2021-11-03,4964.1,105613.1,3744.2,104227.56,4543.7,50.872,49.766,349.0,299.0
151,2023-10-15,5044.42,109963.94,3986.3,108574.33,4870.0,50.781,49.391,347.0,300.0
152,2022-08-09,3993.5,90218.35,3231.6,88937.98,4045.1,50.551,49.078,361.0,300.0
153,2022-02-04,4761.4,98544.75,3539.3,97598.83,3835.3,50.569,49.042,360.0,300.0
154,2022-12-04,4520.01,106189.87,4346.75,104892.82,4530.44,50.27,49.09,350.0,300.0
155,2023-11-27,5032.64,109471.25,3935.49,107961.95,4865.94,50.535,49.29,347.0,300.0
156,2022-04-19,4159.38,93236.58,3565.5,92144.71,3891.0,50.8,48.99,358.0,300.0
157,2022-06-11,3685.2,84757.11,3358.3,83524.39,3628.6,50.78,49.075,353.0,300.0
158,2023-01-27,4323.6,90137.62,3084.4,89087.72,3958.2,50.856,49.036,358.0,300.0
159,2021-12-07,5008.92,111789.74,4233.8,110107.42,4735.0,50.378,49.257,351.0,294.0
160,2022-06-05,3246.5,70943.35,2527.9,69886.65,3269.0,51.121,49.029,363.0,300.0
161,2022-12-10,4356.3,99142.39,3638.69,97695.03,4274.45,51.03,48.68,357.0,291.0
162,2023-07-18,4113.5,94123.22,3814.4,92435.24,3798.7,50.759,48.8,356.0,300.0
163,2024-04-06,4215.37,98283.87,3783.74,97084.15,4075.59,50.528,49.0,352.0,303.0
164,2022-02-10,4728.5,104707.65,3877.12,103001.62,4281.8,51.032,48.97,359.0,302.0
165,2022-08-03,4080.14,91268.46,3608.2,90042.14,4101.5,50.467,48.99,356.0,300.0
166,2022-10-22,4187.3,97591.56,3854.6,96445.64,3906.27,50.581,49.031,350.0,300.0
167,2023-10-01,4945.94,104694.84,3891.7,103406.96,4085.1,50.647,49.109,346.0,300.0
168,2021-11-09,4684.0,100164.72,3713.7,0.0,4437.2,50.504,49.439,351.0,280.0
169,2023-06-26,4139.0,94015.69,3529.4,92386.61,3993.6,50.976,49.085,356.0,300.0
170,2023-04-14,4439.1,103437.88,4150.2,102114.42,4426.5,50.589,49.0,349.0,300.0
171,2022-04-14,3940.0,91710.44,3463.6,90679.87,3895.7,50.544,49.0,360.0,300.0
172,2022-06-26,3629.5,83688.26,3327.5,82654.31,3597.1,50.58,49.414,358.0,306.0
173,2022-10-01,3831.1,89492.5,3640.83,88434.02,3554.21,50.451,49.0,353.0,305.0
174,2022-08-24,4675.8,102179.46,3632.5,101064.57,4212.0,50.56,49.13,352.0,300.0
175,2022-12-29,4596.6,103240.12,3941.8,101948.93,4456.5,50.75,49.2,356.0,300.0
176,2023-08-03,4017.68,94487.63,3714.9,93113.47,3992.4,50.741,49.0,360.0,300.0
177,2023-02-10,4501.1,104308.61,4093.3,102878.46,4422.8,50.689,49.048,352.0,300.0
178,2023-10-22,4703.8,106669.97,4042.2,105399.93,4408.3,50.735,49.11,348.0,295.0
179,2022-07-18,3917.5,90937.79,3430.6,89680.41,4091.6,50.545,48.98,356.0,300.0
180,2023-06-05,4595.71,103730.0,4140.01,102181.72,4223.4,50.68,49.0,347.0,300.0
181,2022-01-27,4750.4,103081.36,3828.1,101682.97,3542.4,50.546,49.01,352.0,294.0
182,2023-06-11,4032.8,87805.63,3045.1,86454.04,3314.46,51.286,49.061,370.0,277.0
183,2022-11-27,4462.5,101439.34,4086.6,100172.14,4196.2,50.4,49.01,351.0,300.0
184,2023-04-19,4415.3,96047.83,3369.4,94841.93,3637.6,51.478,49.0,353.0,285.0
185,2021-11-24,4901.7,106745.09,4106.6,105262.76,4513.1,50.43,49.17,353.0,300.0
186,2023-02-04,4745.5,110281.22,4346.5,108894.73,4674.4,50.84,49.19,353.0,300.0
187,2022-12-23,4720.1,105493.52,4150.1,103943.42,4685.4,50.54,48.71,354.0,300.0
188,2022-02-23,4354.3,99252.95,3694.9,97904.0,4553.0,50.439,49.033,358.0,300.0
189,2022-08-30,4734.4,102778.8,3432.3,101406.16,4271.3,51.15,49.191,352.0,300.0
190,2022-10-15,4039.72,89131.76,3221.4,88108.12,4033.4,50.841,49.089,351.0,298.0
191,2021-12-28,4431.9,101297.05,3895.6,99740.47,3785.2,50.33,49.0,354.0,298.0
192,2023-01-08,4305.03,98996.13,3916.05,97760.25,4309.6,50.385,49.01,360.0,300.0
193,2022-03-31,4399.14,101322.39,3947.0,99921.42,4311.1,50.583,49.058,351.0,284.0
194,2023-11-08,4897.49,111518.39,4317.13,110011.32,4745.93,50.654,49.241,351.0,300.0
195,2023-09-23,4722.1,100631.76,3656.3,99456.81,4008.3,50.779,49.616,349.0,300.0
196,2023-03-30,4776.6,103315.13,3505.6,0.0,4507.0,51.171,48.997,348.0,285.0
197,2021-10-10,4916.2,97010.85,3344.1,95590.29,4330.8,50.81,48.0,352.0,300.0
198,2023-11-02,4887.7,111677.6,4427.2,110224.2,4910.1,50.45,49.14,345.0,294.0
199,2021-12-22,4910.6,106125.8,3800.2,104577.71,4606.5,50.442,49.049,352.0,292.0
200,2023-01-02,4622.0,103076.3,3516.2,101879.22,4392.2,50.656,49.195,358.0,300.0
201,2023-05-13,4297.3,95784.02,3385.8,94308.62,4400.9,51.229,49.0,354.0,300.0
202,2023-07-25,3964.93,90924.33,3693.9,89654.56,3999.8,50.575,48.77,349.0,300.0
203,2022-07-06,3800.65,86967.76,3457.5,85874.18,3832.9,50.393,49.07,357.0,300.0
204,2022-11-21,4365.0,100560.22,4003.7,99449.64,4370.8,50.41,49.0,353.0,300.0
205,2022-09-04,4265.3,90825.14,3052.5,89505.63,3937.3,51.165,49.067,355.0,300.0
206,2022-03-09,4176.9,97275.19,3920.9,95951.93,4119.2,50.578,49.19,362.0,300.0
207,2023-06-17,4226.1,84883.6,1704.8,83913.1,3715.7,51.41,48.75,360.0,300.0
208,2022-01-21,4604.9,100504.05,3707.2,99027.02,4353.7,50.59,48.91,352.0,291.0
209,2022-03-03,4521.93,102513.2,3983.9,101072.11,4367.9,50.514,49.0,357.0,300.0
210,2022-09-10,4373.4,98457.13,3794.9,97109.87,3931.7,50.506,49.09,357.0,300.0
211,2022-07-12,4316.4,95116.18,3572.8,93857.56,4064.1,50.923,49.0,354.0,300.0
212,2022-05-20,3534.7,81792.97,3189.2,80769.11,3284.4,50.419,49.99,356.0,300.0
213,2023-10-28,4915.58,112384.33,4183.8,110967.21,4497.99,50.655,49.174,347.0,300.0
214,2022-10-07,4370.34,99233.71,3713.74,97859.2,4263.7,50.92,49.25,347.0,300.0
215,2023-01-16,4014.8,89602.99,3444.6,88628.67,4016.0,50.589,49.022,358.0,300.0
216,2023-11-16,5043.71,107736.88,3944.93,106120.77,4870.99,51.0,49.259,348.0,294.0
217,2021-10-04,4932.41,103650.5,3473.8,102115.35,4057.1,51.026,49.583,346.0,296.0
218,2023-03-24,4654.98,104172.68,3944.5,102852.93,4412.0,50.72,49.47,345.0,300.0
219,2023-09-29,4819.0,100689.63,3633.5,99390.65,4282.3,50.739,49.226,351.0,300.0
220,2022-11-16,4608.0,103677.88,4058.7,102553.51,4534.2,50.46,48.99,354.0,300.0
221,2022-09-29,3964.5,89999.69,3551.6,89286.53,3948.8,50.49,49.02,352.0,300.0
222,2022-03-24,4065.3,91845.64,3518.8,90815.93,4124.2,50.609,49.045,355.0,292.0
223,2022-01-16,4606.6,97750.8,3628.2,96145.93,4285.4,50.988,49.121,358.0,296.0
224,2023-10-07,4803.6,105544.95,3902.2,104355.47,4785.3,50.74,49.01,346.0,300.0
225,2023-05-20,4336.9,93845.5,3522.1,92208.72,4297.6,51.08,48.72,358.0,300.0
226,2022-10-28,4647.9,106657.83,4158.3,105517.18,4641.6,50.426,49.04,349.0,300.0
227,2023-07-12,4165.6,97015.01,3708.9,95372.89,4181.3,50.899,48.86,352.0,300.0
228,2023-03-03,5013.2,114556.3,4169.1,113042.81,4446.7,51.31,49.09,348.0,300.0
229,2021-10-23,4725.31,90117.51,3080.0,88744.11,3848.8,51.124,49.697,352.0,300.0
230,2023-01-21,4142.86,94841.53,3734.0,93646.86,4214.6,50.666,49.198,351.0,300.0
231,2022-06-17,3451.6,76503.95,2971.4,75341.71,3388.4,50.72,49.04,358.0,300.0
232,2021-12-01,5214.0,112238.55,3939.4,110608.12,5073.7,50.636,49.173,351.0,296.0
233,2021-10-29,4845.83,103665.51,3766.5,102461.24,4031.5,50.81,49.78,351.0,296.0
234,2023-11-21,5103.14,116117.87,4336.97,114437.23,4944.98,50.468,49.03,350.0,298.0
235,2023-03-09,4467.9,103843.92,4149.5,102364.51,4504.2,50.728,49.012,348.0,300.0
236,2023-09-04,4454.16,93718.2,3055.5,92506.92,4172.8,50.548,49.152,354.0,300.0
237,2023-07-06,4372.2,100701.88,3989.5,98985.44,4472.0,50.551,49.0,347.0,300.0
238,2022-07-25,3926.8,89884.5,3530.7,88639.95,3714.5,50.697,49.0,355.0,300.0
239,2022-05-13,3803.8,84836.96,3134.5,83690.28,3344.2,50.987,48.88,363.0,300.0
240,2022-01-02,4926.19,103420.61,3817.0,101808.15,4211.7,50.525,49.298,355.0,299.0
241,2022-03-30,4343.7,96124.98,3719.4,94796.14,4230.1,50.61,49.47,353.0,300.0
242,2022-09-23,4398.8,100606.3,3662.5,99214.31,4145.3,50.801,49.266,351.0,300.0
243,2022-11-02,4863.7,110483.75,4356.7,109261.61,4594.6,50.5,49.0,351.0,300.0
244,2022-12-22,4723.7,107147.39,4154.3,105770.62,4389.2,50.47,49.02,355.0,300.0
245,2022-10-10,4211.13,97518.6,3807.5,96271.28,4149.5,50.705,49.092,350.0,300.0
246,2022-02-22,4365.4,101607.82,4110.6,100109.05,4215.0,50.293,49.106,358.0,300.0
247,2023-05-18,4725.6,97736.61,2674.0,96188.58,4782.1,51.55,49.046,362.0,300.0
248,2023-09-28,4449.2,102039.8,3987.0,100708.37,4304.7,50.488,49.494,351.0,300.0
249,2022-04-05,4367.5,102105.88,4127.1,100749.51,4005.8,50.449,49.067,350.0,300.0
250,2023-06-14,4559.4,95769.83,3533.1,94362.61,2649.9,51.067,49.315,353.0,300.0
251,2022-09-07,4500.25,99851.13,3589.9,98493.02,4398.9,50.803,49.124,350.0,300.0
252,2023-04-26,4205.9,94505.59,3694.7,93202.28,4046.8,51.142,48.84,354.0,300.0
253,2023-12-01,5052.46,111063.89,4235.31,109762.74,4869.71,50.657,49.099,346.0,300.0
254,2023-08-16,4181.57,96310.18,3729.4,95146.47,3932.3,50.58,49.034,348.0,299.0
255,2023-02-01,4597.7,107109.13,4344.0,105712.13,4397.7,50.861,49.054,355.0,300.0
256,2021-11-21,4788.6,106723.9,3768.4,105299.6,4749.5,50.832,49.196,354.0,300.0
257,2023-10-29,4736.9,104917.0,3968.1,103528.42,4762.5,50.86,49.0,352.0,300.0
258,2023-10-23,4613.2,104506.59,3787.3,103178.02,4663.3,50.71,48.7,350.0,299.0
259,2023-02-15,4909.9,113773.97,4540.99,112259.28,4906.2,50.85,49.08,353.0,300.0
260,2023-08-02,4169.7,95437.31,3698.6,94031.31,3947.6,50.592,49.017,353.0,300.0
261,2022-03-08,4087.9,95643.88,3823.3,94274.38,4105.0,50.557,49.047,363.0,300.0
262,2023-05-31,4658.1,103294.01,3710.91,101530.11,3952.78,51.296,48.67,356.0,296.0
263,2023-03-27,4486.84,95477.91,2532.9,94078.7,4447.6,51.36,49.0,365.0,271.0
264,2022-04-11,3982.8,87503.41,3379.3,86428.68,3601.7,50.893,49.434,360.0,300.0
265,2021-10-07,5084.7,101292.29,3544.2,100011.43,4338.9,50.98,49.2,349.0,294.0
266,2022-08-21,4414.91,100372.55,3646.5,99475.78,4244.4,50.999,49.0,351.0,300.0
267,2022-10-04,4047.1,92595.01,3711.0,91242.85,4148.2,50.349,49.108,354.0,300.0
268,2023-08-21,4210.6,97591.84,3844.5,96415.09,4234.8,50.383,49.014,349.0,299.0
269,2023-10-04,4790.9,109092.75,4227.2,107885.17,4748.3,50.66,49.252,344.0,300.0
270,2021-11-16,4869.3,105130.33,3810.9,103812.82,4787.9,50.695,48.84,354.0,298.0
271,2023-06-19,4424.14,96459.02,3470.7,95301.82,4209.3,50.874,49.025,347.0,300.0
272,2023-04-11,4485.1,100178.41,3103.6,98843.79,4336.1,51.86,49.01,352.0,300.0
273,2022-05-31,3647.4,79872.94,2905.4,78835.73,3128.5,50.44,49.02,359.0,300.0
274,2021-10-28,4552.88,99565.26,3420.1,98379.68,4272.8,51.02,49.382,354.0,300.0
275,2023-03-08,4604.3,106609.06,4256.7,105107.05,4404.0,50.716,49.029,348.0,300.0
276,2022-12-15,4885.7,112922.22,4330.3,111579.23,4695.5,51.0,49.05,350.0,300.0
277,2022-10-23,4022.7,91551.59,3609.3,90388.47,3960.29,50.646,49.024,350.0,300.0
278,2022-08-02,3925.2,89058.28,3285.9,87839.03,3955.4,50.808,48.99,357.0,300.0
279,2022-02-01,5183.7,105418.96,3825.0,103959.91,4801.3,50.485,49.0,353.0,294.0
280,2022-10-29,4728.2,108954.57,4247.5,107760.49,4540.56,50.32,49.29,348.0,300.0
281,2022-12-01,4411.4,101340.44,4051.0,100077.34,4388.7,50.6,49.0,353.0,290.0
282,2022-04-26,4342.0,93758.65,3190.3,92549.11,4354.0,51.219,49.01,360.0,300.0
283,2023-09-07,4119.9,95422.2,3784.9,94082.24,4063.8,50.53,49.01,359.0,300.0
284,2022-06-14,3497.1,79039.71,2973.2,78202.37,3273.8,50.476,49.0,354.0,300.0
285,2023-04-05,4488.1,105435.87,4322.2,104111.6,4424.0,50.62,48.87,353.0,300.0
286,2022-09-28,3944.2,86876.39,3299.6,86036.03,3964.5,51.193,49.03,359.0,300.0
287,2021-11-02,4883.39,91591.02,2632.6,90346.92,4296.4,51.274,49.65,358.0,298.0
288,2023-10-10,4826.1,107263.26,4009.2,106053.85,4195.3,50.42,49.208,348.0,300.0
289,2022-05-18,3838.0,89064.87,3552.9,87785.56,3758.6,50.476,49.145,354.0,300.0
290,2023-02-22,4763.4,112294.27,4270.0,110730.36,4753.9,50.959,49.063,353.0,300.0
291,2023-05-26,4877.06,109743.04,4292.99,108016.94,3704.26,51.05,49.0,346.0,300.0
292,2022-08-07,3935.8,89097.46,3461.5,88067.19,3829.3,50.327,48.994,359.0,300.0
293,2023-07-14,4218.8,97194.68,3810.3,95497.65,4159.0,50.69,48.93,351.0,300.0
294,2023-11-29,4855.26,109809.73,4228.37,108702.13,4979.79,50.869,49.108,343.0,295.0
295,2021-10-21,5004.47,106010.93,3898.5,104274.35,4452.5,50.666,49.809,348.0,296.0
296,2023-03-01,4864.1,108559.35,4127.7,107071.85,4859.8,51.31,49.0,348.0,300.0
297,2023-09-16,4130.83,86197.6,2533.8,85117.44,4051.1,51.56,48.98,357.0,300.0
298,2023-01-29,4458.7,103037.74,3989.8,101703.48,4355.3,51.051,49.646,349.0,300.0
299,2021-12-09,4891.8,108136.03,4225.5,106631.21,4679.0,50.501,49.191,349.0,297.0
300,2023-04-18,4415.4,103271.64,4171.3,101989.82,4371.7,50.96,49.0,348.0,300.0
301,2022-03-22,3901.2,89428.2,3533.1,88353.74,3775.0,50.601,49.03,352.0,300.0
302,2022-11-10,4380.6,102742.46,4150.0,101821.65,4268.4,50.3,49.1,358.0,300.0
303,2022-01-10,4962.8,109399.0,3960.4,107781.73,4451.8,50.49,49.0,355.0,289.0
304,2022-05-05,3925.0,89141.28,3434.04,87772.43,2702.6,50.84,49.1,357.0,300.0
305,2023-08-28,4329.89,98802.74,3557.6,97441.41,4369.9,50.391,48.73,352.0,300.0
306,2022-07-19,4091.6,94931.52,3855.5,93626.09,3921.8,50.324,49.107,353.0,300.0
307,2021-11-07,4604.1,97345.91,3222.3,96085.29,4099.8,50.953,49.73,352.0,293.0
308,2022-05-11,3948.9,89013.62,3328.0,87720.02,3819.4,50.835,49.133,358.0,300.0
309,2023-02-27,4947.7,115108.49,4200.9,113575.49,4619.1,50.96,49.28,346.0,300.0
310,2022-01-04,4871.8,106674.61,3777.8,105053.33,4439.7,50.447,49.299,352.0,291.0
311,2022-11-04,4743.61,107048.9,4191.9,105774.73,4675.96,50.47,49.45,353.0,300.0
312,2021-12-03,5147.8,105957.37,3218.01,104554.04,4394.0,51.08,49.438,359.0,296.0
313,2023-01-23,4407.0,100471.77,3743.6,99116.43,4633.5,50.69,48.75,347.0,300.0
314,2023-09-02,4394.5,86160.27,2700.2,85033.16,3867.7,51.282,49.036,363.0,300.0
315,2023-03-15,5099.62,110948.47,4269.66,109438.9,4906.7,50.73,49.0,347.0,300.0
316,2023-11-23,4811.27,111029.98,4410.0,109456.79,4748.95,50.616,49.094,343.0,297.0
317,2022-12-08,4486.0,102408.22,3951.0,100947.75,4163.0,50.35,49.06,353.0,300.0
318,2023-06-30,4531.5,103220.81,3784.7,101639.89,4215.39,50.847,49.0,349.0,300.0
319,2022-02-08,4933.4,110029.5,4257.8,108430.97,4653.1,50.825,49.0,353.0,295.0
320,2023-02-08,4481.6,105320.49,4185.2,103895.33,4351.0,50.67,49.013,353.0,300.0
321,2021-11-28,5108.5,109675.85,3991.5,108027.09,4735.3,50.389,49.583,350.0,298.0
322,2022-06-30,3483.7,79365.78,3073.1,78333.03,3409.9,51.03,49.016,355.0,300.0
323,2022-03-15,3634.2,60667.75,1.0,59726.64,1908.1,51.623,47.8,353.0,300.0
324,2022-09-02,4729.3,105871.16,3664.7,104493.91,3946.1,50.995,49.01,351.0,295.0
325,2022-11-23,4319.36,100151.79,3985.54,98914.07,4095.1,50.32,48.99,352.0,300.0
326,2022-01-23,4347.0,97492.53,3740.2,95981.65,3759.6,50.534,49.052,356.0,297.0
327,2021-10-16,5050.89,101314.91,3746.7,99803.68,4141.1,50.611,49.756,348.0,300.0
328,2023-11-04,4951.7,112356.09,4327.8,110880.78,4533.7,50.784,49.486,347.0,297.0
329,2023-09-21,4560.2,101545.43,4012.9,100399.39,4336.5,50.855,49.083,350.0,290.0
330,2023-01-04,4540.7,100063.28,3903.1,98644.66,4471.1,50.624,49.129,359.0,301.0
331,2021-12-24,4511.6,101007.59,3484.6,99334.71,4208.6,51.167,49.045,357.0,300.0
332,2022-02-27,4550.1,103133.71,3595.4,101728.28,4349.7,50.922,49.09,357.0,300.0
333,2023-05-11,4320.6,98912.39,3958.0,97400.34,4001.3,50.776,48.88,351.0,300.0
334,2023-07-19,3844.2,86841.41,3274.69,85273.17,3501.2,50.497,48.79,355.0,300.0
335,2022-12-27,4716.2,108452.05,4004.4,106946.06,4680.9,50.85,49.157,353.0,300.0
336,2022-08-28,4832.4,98275.98,3272.8,97008.77,4324.0,51.127,49.662,351.0,300.0
337,2023-05-05,4394.9,100525.53,3904.3,99068.27,4096.9,51.008,49.034,352.0,300.0
338,2021-12-30,4916.27,103452.25,3771.8,101953.19,4397.1,50.45,49.0,352.0,290.0
339,2023-01-10,4249.5,100139.34,4069.47,98805.27,4266.66,50.48,49.01,358.0,300.0
340,2023-03-22,4574.4,97441.52,3465.9,96120.06,4312.1,51.16,49.09,351.0,300.0
341,2022-04-18,4066.18,84764.67,2926.8,83723.87,3968.8,50.864,48.99,363.0,300.0
342,2023-11-10,5029.17,113180.09,4349.16,111559.9,4638.28,50.566,49.048,348.0,300.0
343,2021-10-02,4574.23,96086.18,3321.9,94576.37,3904.9,50.69,50.023,352.0,300.0
344,2022-01-29,4721.9,98208.71,3621.0,96798.41,4449.8,50.791,49.13,355.0,297.0
345,2022-11-29,4443.1,102838.3,4053.4,101751.12,4246.6,50.41,49.57,352.0,293.0
346,2022-09-16,4579.0,103162.58,3913.1,101838.49,4362.4,50.754,49.01,351.0,300.0
347,2022-03-01,4470.1,99492.78,3895.3,98016.89,4227.2,50.42,48.964,358.0,300.0
348,2022-07-14,4115.5,94786.94,3770.1,93509.32,4078.2,50.512,49.0,354.0,300.0
349,2023-08-07,4078.5,90494.69,3438.8,89160.32,3731.9,50.95,49.01,356.0,300.0
350,2022-05-26,3640.2,84296.91,3393.6,83212.68,3508.9,50.411,48.99,354.0,300.0
351,2022-06-06,3409.5,76297.58,3021.7,75197.46,3358.7,50.87,49.0,359.0,297.0
352,2022-12-09,4410.0,100908.58,3963.93,99402.2,4356.3,50.71,49.1,357.0,288.0
353,2023-07-17,4184.3,96878.84,3893.2,95218.05,3932.1,50.542,48.915,351.0,300.0
354,2024-04-05,4367.0,98963.23,3786.11,97589.53,4215.37,50.79,49.01,355.0,300.0
355,2022-02-09,4800.7,107653.5,4160.9,105869.38,4458.4,50.514,49.211,355.0,299.0
356,2022-10-21,4116.3,95402.14,3645.1,94171.45,4164.34,50.883,49.02,351.0,300.0
357,2023-10-02,4876.2,107183.0,3814.5,105913.53,4649.8,50.72,49.01,351.0,300.0
358,2021-11-10,4763.3,102932.53,3779.4,101531.03,3863.1,50.481,48.97,350.0,298.0
359,2023-08-23,4121.8,94007.14,3487.5,92802.7,3719.0,50.619,49.072,352.0,296.0
360,2023-06-25,3970.49,87356.66,3405.9,85840.65,4139.0,50.81,48.963,359.0,303.0
361,2023-04-13,4318.7,101650.99,4156.2,100358.73,4320.6,50.461,49.0,347.0,300.0
362,2022-11-07,4792.3,109400.93,4183.1,108237.8,4647.06,50.48,49.1,352.0,300.0
363,2022-01-07,4649.0,103751.87,3970.8,102218.2,4272.1,51.084,49.054,350.0,292.0
364,2023-08-29,4453.64,98631.29,3838.8,97420.94,4006.3,50.318,48.82,348.0,300.0
365,2023-02-24,4790.2,110483.34,4362.89,108991.75,4670.8,50.666,49.01,349.0,300.0
366,2021-11-04,4558.6,101721.85,3264.7,100257.41,3190.7,51.71,49.497,350.0,299.0
367,2023-10-16,4951.4,107127.11,4018.8,105720.04,4250.0,51.048,49.496,348.0,298.0
368,2022-02-03,4485.5,97420.29,3531.7,96481.53,4299.3,50.46,49.27,355.0,297.0
369,2022-12-03,4520.98,105492.98,4241.6,104176.13,4454.11,50.32,49.21,350.0,300.0
370,2023-11-28,4865.94,111769.8,4490.69,110295.11,4716.8,50.695,49.05,343.0,296.0
371,2022-04-20,4121.5,94471.45,3481.0,93410.66,3754.8,50.926,49.0,357.0,300.0
372,2023-01-28,4393.6,96126.16,3682.9,94902.78,4191.9,51.133,49.471,355.0,300.0
373,2022-06-12,3703.0,68856.37,9.0,67790.1,2744.6,51.17,48.4,360.0,303.0
374,2021-12-08,4842.6,108830.09,3889.3,107299.76,4732.3,51.028,49.246,349.0,299.0
375,2023-06-12,3950.03,82499.96,2876.3,81489.06,4118.96,51.254,49.045,368.0,296.0
376,2022-01-28,4659.0,94213.47,3131.3,93089.92,4072.3,51.122,49.08,355.0,289.0
377,2022-11-28,4318.5,100903.72,4128.81,99710.37,4394.65,50.28,49.0,351.0,300.0
378,2023-04-20,4029.2,90553.65,3413.9,89338.01,4019.3,51.09,49.0,355.0,300.0
379,2021-11-23,4888.4,107327.26,4042.5,105868.81,4901.7,50.4,49.48,354.0,300.0
380,2023-02-03,4791.2,109475.49,4254.0,108102.29,4745.5,50.78,49.03,355.0,300.0
381,2023-08-10,4164.4,96742.07,3657.65,95373.1,4089.1,50.52,48.944,354.0,290.0
382,2022-12-24,4910.4,111043.37,4174.8,109533.28,4838.2,50.87,49.82,352.0,300.0
383,2022-02-24,4752.71,105804.35,4088.4,104359.5,4544.2,50.714,49.056,358.0,300.0
384,2022-08-29,4528.6,100451.5,3561.7,99089.26,4147.9,51.155,48.73,403.0,300.0
385,2022-10-16,4117.61,94124.77,3679.8,93006.1,4145.0,50.541,49.177,349.0,300.0
386,2021-12-27,4761.7,105360.76,4008.9,103774.0,4190.2,50.444,48.8,353.0,295.0
387,2023-11-07,4785.74,104855.65,3901.71,103448.91,4711.63,50.667,49.01,353.0,300.0
388,2022-04-13,3954.2,91493.17,3553.4,90480.67,3939.6,50.53,49.276,359.0,300.0
389,2022-06-25,3725.1,79872.55,2999.6,78680.37,3548.8,50.438,49.19,356.0,300.0
390,2022-10-02,3867.0,88996.39,3282.5,87954.48,3794.6,50.959,49.023,353.0,300.0
391,2022-08-23,4649.8,99915.26,3291.4,98912.66,4318.0,50.79,49.09,354.0,300.0
392,2022-12-30,4836.0,106866.06,3981.7,105585.36,4617.9,50.68,49.16,353.0,300.0
393,2023-08-04,4069.5,94528.57,3858.68,93186.98,4083.6,50.454,48.89,351.0,300.0
394,2023-02-09,4491.3,103878.5,4140.5,102407.56,4468.8,50.756,49.02,354.0,295.0
395,2023-10-21,4679.3,103760.72,3950.9,102540.44,4523.9,50.713,48.7,350.0,292.0
396,2021-11-29,5034.17,109632.77,4027.2,108044.16,4741.3,50.542,49.291,351.0,299.0
397,2022-07-17,3967.9,91007.53,3539.1,89752.36,3906.3,50.444,49.0,354.0,307.0
398,2023-06-06,4595.11,99701.51,3764.8,98241.02,4394.1,51.1,49.37,347.0,300.0
399,2023-07-03,4552.76,103404.74,3890.1,101484.76,4129.0,50.82,49.01,353.0,300.0
400,2022-08-18,4476.21,69327.5,215.0,68662.32,4061.24,51.05,49.0,361.0,291.0
401,2021-11-30,5215.9,110506.1,4005.5,108855.64,4814.9,50.557,49.35,351.0,290.0
402,2023-01-20,3948.0,87264.03,3458.8,86121.78,3827.6,50.493,49.032,352.0,304.0
403,2023-03-12,4492.6,103938.31,4033.6,102509.48,4216.2,50.68,49.0,345.0,296.0
404,2022-04-28,4357.5,91709.14,3169.9,90375.81,4438.1,51.123,49.475,361.0,290.0
405,2023-09-05,4172.8,86325.55,2999.9,84933.94,3486.8,51.178,49.09,367.0,300.0
406,2023-11-20,5120.05,114285.59,4430.03,112639.51,5005.11,50.446,49.19,344.0,298.0
407,2023-04-07,4419.9,102706.81,4158.6,101385.85,3985.8,50.67,48.951,351.0,300.0
408,2022-09-26,3787.3,53937.11,38.0,53086.87,3654.1,51.28,47.7,359.0,300.0
409,2021-11-18,4932.1,105111.35,3977.7,103604.94,4505.4,50.484,49.043,355.0,300.0
410,2022-07-30,3948.7,90574.47,3574.9,89372.22,3890.7,50.515,49.02,354.0,300.0
411,2022-03-25,4124.2,94390.9,3614.8,93362.66,4056.4,50.759,49.058,350.0,300.0
412,2022-11-13,4519.1,101963.74,3880.4,100860.01,4470.0,50.6,49.0,355.0,300.0
413,2022-01-13,4610.6,102097.22,3938.4,100493.67,4316.7,50.437,49.009,354.0,290.0
414,2021-10-26,4490.67,92572.06,3072.6,91537.58,4223.8,51.394,49.658,357.0,300.0
415,2023-09-11,4460.2,100793.09,3811.8,99228.66,1705.0,50.582,49.032,353.0,300.0
416,2023-03-06,4950.5,112553.7,3746.4,111020.25,4131.5,51.028,49.072,347.0,290.0
417,2021-12-14,4580.3,102623.3,4131.9,100947.29,4105.7,50.571,48.88,354.0,300.0
418,2022-02-17,4587.9,105060.97,4138.0,103324.2,4354.6,50.696,49.057,358.0,295.0
419,2023-05-21,4394.6,102719.43,4163.2,100995.07,4492.1,50.628,49.108,349.0,280.0
420,2023-07-09,4484.24,93648.52,3329.8,92055.96,4368.01,51.22,49.145,352.0,300.0
421,2022-12-17,4891.04,113906.93,4607.7,112392.2,4803.9,50.41,49.02,352.0,300.0
422,2022-07-09,3992.6,91641.47,3547.7,90515.38,3908.8,50.871,49.12,353.0,300.0
423,2022-05-20,3795.4,82124.76,3003.3,80362.96,3589.5,51.013,49.08,356.0,300.0
424,2023-02-17,4899.6,113018.75,4421.8,111549.66,4742.5,50.79,49.0,351.0,300.0
425,2022-03-06,4157.0,95051.82,3537.9,93914.26,4053.9,50.88,49.046,361.0,300.0
426,2022-09-11,4064.0,89805.09,3366.86,88561.72,3531.9,51.16,48.88,358.0,300.0
427,2023-01-13,4213.8,93286.41,3623.1,91838.31,3739.2,50.785,49.059,358.0,300.0
428,2023-03-25,4634.4,105655.84,4161.9,104389.82,4505.1,50.79,49.0,348.0,255.0
429,2023-11-13,5204.32,114223.85,4366.76,112562.22,5094.66,50.464,49.061,349.0,300.0
430,2021-10-05,4609.41,100927.08,3460.9,99289.01,3743.5,51.223,49.846,347.0,293.0
431,2023-07-30,4188.5,95730.92,3833.5,94327.78,4172.1,50.478,49.021,349.0,300.0
432,2023-05-02,4229.3,94923.02,3629.3,93616.94,4141.5,50.96,49.0,356.0,300.0
433,2023-05-16,4549.32,101343.51,3905.2,99837.57,4556.4,51.161,49.075,356.0,264.0
434,2023-07-24,3812.25,86936.74,3187.4,85468.73,3818.5,50.528,48.77,350.0,300.0
435,2021-10-11,4815.73,103439.85,3635.2,101729.23,4227.5,51.099,49.374,349.0,298.0
436,2023-09-26,4632.6,101024.81,3862.1,99872.08,4114.6,50.706,49.2,360.0,300.0
437,2022-04-07,4516.1,101190.78,3327.6,99916.33,3770.9,50.633,49.2,353.0,300.0
438,2022-09-05,4482.9,100225.67,3287.1,98950.86,4461.1,50.754,49.283,351.0,300.0
439,2023-04-28,4213.1,98100.21,4002.6,96911.16,4072.7,50.717,49.09,351.0,302.0
440,2022-03-12,3708.2,81477.67,2811.7,80231.33,3639.1,51.492,49.02,366.0,300.0
441,2022-11-20,4268.7,99423.18,3783.3,98406.89,4130.5,50.62,49.04,353.0,300.0
442,2022-01-20,4524.0,99663.85,3740.6,98302.51,4458.7,50.783,49.276,353.0,291.0
443,2023-08-18,4049.94,93750.88,3742.2,92640.5,3359.7,50.592,49.034,353.0,300.0
444,2022-07-03,3346.3,76659.42,2998.8,75641.98,3317.5,50.378,49.0,358.0,300.0
445,2022-06-15,3563.3,80656.91,3132.9,79380.6,3353.8,51.11,49.12,359.0,300.0
446,2022-01-31,4778.4,98030.53,3677.6,96450.02,4520.7,50.595,49.017,357.0,298.0
447,2022-08-13,4136.0,95775.27,3777.1,94833.21,4023.1,50.5,49.0,358.0,300.0
448,2023-07-08,4634.8,94518.58,3533.9,92850.4,3662.8,51.14,49.479,360.0,300.0
449,2022-11-30,4336.09,100921.13,3887.37,99721.89,4278.3,50.27,49.0,353.0,300.0
450,2023-02-19,4950.4,113739.75,4269.5,112221.87,4979.3,50.84,49.06,353.0,300.0
451,2023-10-11,4531.3,100401.35,3405.8,99510.41,4589.5,50.823,49.527,351.0,300.0
452,2022-07-27,3716.4,87047.05,3530.4,85937.58,3720.0,50.439,48.99,359.0,303.0
453,2023-06-22,4487.39,98583.18,3589.8,97138.59,4252.8,50.75,49.0,350.0,300.0
454,2022-01-18,4419.48,96097.42,3726.7,94571.71,3967.9,50.62,49.01,356.0,292.0
455,2022-11-18,4394.8,100307.23,3977.5,99335.92,4194.9,50.33,49.12,352.0,300.0
456,2023-04-10,4511.9,103515.52,4074.5,102165.96,4466.6,50.757,49.032,351.0,300.0
457,2023-10-05,4759.23,106462.8,4076.2,105317.36,4734.2,50.41,49.295,347.0,299.0
458,2021-11-13,4707.68,105832.49,3976.4,104358.34,4508.4,50.485,49.0,351.0,296.0
459,2023-08-20,4152.3,93309.18,3381.3,92138.32,4102.9,50.533,49.03,350.0,300.0
460,2022-12-14,4731.4,109503.78,4352.5,108144.18,4840.0,50.48,49.0,353.0,300.0
461,2022-02-14,4569.4,101575.13,3929.0,99958.43,4014.2,50.731,48.915,361.0,300.0
462,2022-10-26,4327.88,99612.51,3911.2,98587.63,4154.5,50.577,49.129,351.0,295.0
463,2021-12-17,5294.1,112618.06,4216.8,110845.74,4512.5,50.521,49.442,348.0,284.0
464,2022-06-01,3284.7,72712.08,2860.3,71699.68,3207.7,50.42,48.99,359.0,300.0
465,2022-04-29,4438.1,98207.03,3593.8,96848.67,4216.9,51.122,49.833,357.0,300.0
466,2023-04-29,4097.5,89851.61,3077.6,88747.29,3766.6,51.225,48.45,352.0,306.0
467,2023-06-01,4426.9,97757.29,3655.79,96161.8,4380.7,51.173,48.75,360.0,285.0
468,2023-02-14,4764.0,111060.41,4383.4,109566.72,4843.4,50.82,49.11,354.0,300.0
469,2023-10-26,4879.3,112059.85,4402.9,110714.31,4819.6,50.647,49.106,344.0,289.0
470,2022-10-05,4163.3,95651.01,3677.5,94368.98,4031.4,50.633,49.274,352.0,300.0
471,2022-08-20,4636.4,100612.75,3421.7,99691.82,4333.7,51.144,49.0,351.0,290.0
472,2023-11-18,4909.0,110740.46,4199.65,109132.48,4764.08,50.824,49.173,345.0,300.0
473,2023-01-18,4017.3,91213.4,3651.7,89968.01,3826.7,50.581,49.037,349.0,300.0
474,2022-06-22,3667.2,82990.59,3183.73,81635.63,3476.92,50.7,49.02,358.0,300.0
475,2022-04-04,4379.0,100834.37,4038.6,99335.55,4355.1,50.403,49.376,352.0,300.0
476,2022-12-19,4840.2,110620.44,4236.4,109323.92,4609.8,50.52,49.13,352.0,300.0
477,2023-07-27,4262.97,96835.81,3836.9,95623.21,4243.63,50.6,48.93,347.0,300.0
478,2022-02-19,4780.2,102272.76,3982.0,100781.24,4652.8,50.449,49.0,358.0,300.0
479,2022-10-11,4149.5,97082.74,3797.09,95917.06,4185.87,50.727,49.03,349.0,300.0
480,2022-07-08,4102.7,92712.03,3567.1,91446.17,3869.4,50.864,49.115,355.0,300.0
481,2023-11-30,4979.79,104417.94,3404.91,103444.36,4741.06,50.857,49.113,350.0,298.0
482,2023-08-13,4130.3,93811.3,3671.8,92561.04,3918.5,50.737,48.79,357.0,300.0
483,2023-01-31,4599.7,105991.52,4048.5,104502.34,4597.7,50.823,49.118,347.0,300.0
484,2023-06-15,4400.41,79262.65,2206.0,78248.59,3969.1,51.381,49.188,398.0,300.0
485,2023-04-23,4174.9,97103.45,3345.5,95981.37,3729.2,51.356,49.019,354.0,300.0
486,2023-01-11,4429.11,99473.42,3830.4,98130.34,3836.0,50.45,49.0,358.0,300.0
487,2022-06-27,3684.7,82996.22,3210.3,81960.87,3229.5,50.459,49.193,357.0,300.0
488,2023-11-11,5100.95,111298.67,4382.15,109655.69,4720.1,50.5,49.24,350.0,300.0
489,2023-03-19,4846.6,107519.16,3950.3,105960.76,4740.6,51.072,49.023,347.0,300.0
490,2023-05-04,4372.0,98036.08,3242.7,96669.59,4394.9,51.383,49.413,356.0,300.0
491,2022-07-15,4078.2,90373.19,3507.4,89187.39,3670.0,50.357,48.75,353.0,300.0
492,2022-05-23,3943.2,89648.54,3424.8,88390.76,3685.3,50.934,49.03,354.0,300.0
493,2023-06-08,4668.6,84809.68,2487.6,83404.15,4410.5,51.344,49.048,356.0,290.0
494,2022-09-13,4489.3,99258.3,3471.98,97979.4,4289.6,51.13,49.04,353.0,300.0
495,2022-02-28,4666.4,102948.26,4100.5,101545.64,4470.1,50.492,49.014,356.0,296.0
496,2022-11-26,4376.01,99301.99,3945.3,98112.91,4418.06,50.35,49.2,352.0,298.0
497,2022-03-14,4174.7,73499.82,199.18,72477.84,3569.6,51.438,49.017,361.0,300.0
498,2022-01-26,4770.7,103370.44,3900.7,101915.84,4561.0,50.7,49.204,354.0,298.0
499,2022-05-29,3741.3,87639.51,3504.1,86382.87,3574.6,50.39,49.04,356.0,300.0
500,2022-07-01,3552.38,80051.28,3022.5,78951.6,3465.7,50.993,49.01,355.0,300.0
501,2023-05-10,4322.9,101095.04,4070.8,99621.43,4278.8,50.724,48.96,347.0,300.0
502,2022-10-18,4052.0,93398.43,3740.43,92268.57,4004.6,50.32,49.1,350.0,291.0
503,2023-07-22,3620.8,84154.73,3192.8,82858.93,3384.8,50.788,49.083,348.0,300.0
504,2023-09-20,4572.4,99783.45,3721.8,98621.27,4353.7,50.919,49.107,349.0,296.0
505,2021-10-13,4872.6,103062.52,3774.2,101568.16,4351.7,50.849,49.189,351.0,293.0
506,2023-11-05,5096.75,107542.89,4055.9,106129.19,4722.01,50.582,49.762,353.0,299.0
507,2021-12-25,4775.7,104953.43,4117.6,103250.61,4011.2,50.435,49.168,356.0,299.0
508,2023-01-05,4517.2,105467.47,4090.0,104081.42,4477.6,50.476,49.068,357.0,300.0
509,2022-01-05,4779.7,107604.78,3839.4,106055.0,4524.8,50.754,49.282,351.0,292.0
510,2022-09-20,4230.6,97518.8,3589.5,96231.96,4139.0,50.79,49.026,354.0,300.0
511,2022-11-05,4718.8,107432.72,4183.5,106134.4,4735.1,50.65,49.56,352.0,300.0
512,2022-07-22,3945.8,90729.16,3595.3,89451.87,3851.6,50.8,49.04,356.0,300.0
513,2022-05-10,3990.7,86766.83,3431.4,85444.85,3828.4,50.534,49.123,358.0,300.0
514,2023-10-18,4873.4,110469.18,4118.8,109078.86,4905.6,50.546,49.03,348.0,285.0
515,2023-07-01,4482.5,101734.26,3955.47,100087.89,3586.6,50.983,49.01,349.0,300.0
516,2023-05-29,4735.1,95038.49,2683.28,93405.53,4654.3,51.552,49.066,357.0,300.0
517,2021-12-06,5055.67,106648.78,3969.0,104999.27,4880.8,51.03,49.18,350.0,300.0
518,2023-11-26,5002.02,98394.82,3201.43,96924.69,4757.36,50.747,49.365,352.0,300.0
519,2023-03-14,4665.9,107310.66,4299.1,105701.22,4743.7,50.83,49.01,345.0,300.0
520,2023-02-28,4950.1,108569.96,4050.6,107040.26,4584.3,51.16,49.2,347.0,300.0
521,2023-09-13,4355.2,96229.41,3512.7,95006.76,1184.6,50.39,49.046,353.0,300.0
522,2021-10-20,5103.21,102739.06,3602.2,101008.4,4447.9,50.624,49.22,350.0,299.0
523,2021-12-12,4735.3,105512.35,4099.5,103878.78,4793.8,50.557,48.72,357.0,292.0
524,2023-05-23,4536.58,99620.22,3662.7,97931.06,4182.7,51.251,49.165,349.0,300.0
525,2023-07-15,4384.8,99669.54,3809.9,97969.13,4018.0,50.85,49.01,350.0,300.0
526,2022-11-11,4695.7,105265.01,4095.5,104159.36,4499.5,50.47,48.82,360.0,300.0
527,2022-03-19,3779.0,87156.77,3427.35,86185.62,3688.7,50.705,49.043,360.0,300.0
528,2023-06-27,4336.63,95269.79,3471.9,93612.68,3783.7,51.068,49.204,355.0,300.0
529,2022-01-11,4998.9,109345.09,4173.1,107646.33,4437.0,50.68,49.0,354.0,289.0
530,2022-08-26,4687.92,104106.44,3666.4,102762.01,3803.8,50.801,49.426,351.0,300.0
531,2023-05-07,4164.0,97356.07,3790.6,95956.38,4073.1,51.046,49.051,357.0,300.0
532,2022-04-16,3903.3,88957.44,3506.5,87907.18,3824.6,50.736,48.77,359.0,300.0
533,2022-06-24,3919.9,86983.17,2909.6,85640.37,3683.79,51.326,49.676,358.0,300.0
534,2022-09-18,4425.3,100420.79,3851.3,99113.43,4328.1,50.678,49.0,352.0,300.0
535,2023-06-03,4575.0,101537.83,3789.2,99974.05,4111.09,50.839,49.096,347.0,300.0
536,2023-10-20,4872.0,108260.43,4304.6,106919.33,4257.7,50.58,49.025,350.0,290.0
537,2023-08-05,4166.2,95709.16,3777.3,94387.12,3803.6,51.06,49.02,355.0,300.0
538,2022-05-28,3756.3,86829.66,3478.7,85659.14,3699.6,50.47,49.04,355.0,300.0
539,2023-02-12,4535.23,103205.65,3903.8,101752.73,4461.1,51.235,49.024,359.0,300.0
540,2023-02-06,4526.2,100845.62,3808.6,99477.3,4173.6,50.691,49.096,359.0,290.0
541,2023-08-11,4097.95,95683.37,3731.3,94323.26,4168.0,50.565,49.016,363.0,300.0
542,2021-11-26,4898.0,111436.31,4201.0,109883.01,4557.8,50.58,49.17,351.0,298.0
543,2023-06-09,4787.35,103054.16,3807.2,101434.78,4004.2,50.824,49.06,348.0,300.0
544,2023-04-21,4417.09,97617.39,3867.5,95734.52,4127.9,50.932,48.99,356.0,300.0
545,2022-03-17,3756.79,83434.58,3101.2,82154.3,3535.6,50.7,49.0,357.0,300.0
546,2021-10-18,4941.3,94223.97,2955.2,92361.58,3713.4,51.11,49.44,355.0,295.0
547,2022-04-02,4411.0,97571.01,3651.8,96438.51,4223.7,50.64,49.0,353.0,289.0
548,2022-12-25,5042.3,109523.53,3896.1,107918.96,4519.9,50.865,49.0,350.0,300.0
549,2022-10-13,4041.6,89697.75,3540.77,0.0,3777.34,50.395,49.0,351.0,300.0
550,2022-02-25,4698.44,106420.53,4120.2,104948.57,4489.9,50.378,49.102,358.0,286.0
551,2023-10-13,4862.1,103895.84,3760.8,102611.66,4220.8,50.696,49.572,349.0,300.0
552,2023-02-25,4825.9,107851.23,3454.2,106373.85,3803.8,51.315,49.467,351.0,300.0
553,2023-04-02,4786.5,110572.49,4386.1,109139.38,4090.6,50.525,49.0,348.0,300.0
554,2022-04-21,4332.2,94162.6,3471.2,92919.36,4048.3,50.868,49.2,358.0,300.0
555,2022-06-09,3515.78,76971.56,2963.2,75848.56,3294.9,50.63,49.0,356.0,300.0
556,2022-08-11,4464.0,94073.71,3459.9,93017.5,4195.9,50.63,49.02,355.0,300.0
557,2022-02-06,4912.2,103937.06,3732.3,102653.04,4506.1,50.537,49.085,360.0,299.0
558,2022-12-06,4616.34,107949.9,4366.61,106611.47,4265.6,50.35,49.0,349.0,300.0
559,2024-04-04,4482.06,101738.99,4012.66,100377.88,4099.87,50.432,49.023,359.0,300.0
560,2022-12-12,4621.1,106725.62,4148.58,105126.3,4548.4,50.65,49.07,353.0,300.0
561,2022-10-20,4234.7,96951.18,3826.69,95721.21,4097.79,50.5,49.1,350.0,300.0
562,2022-02-12,4865.6,110353.3,4375.1,108547.34,4591.2,50.568,49.274,357.0,300.0
563,2023-05-28,4424.6,98512.4,3750.5,97188.4,3815.7,51.1,49.06,349.0,300.0
564,2022-08-05,4193.3,95124.99,3780.0,93880.43,4089.7,50.593,49.0,359.0,293.0
565,2022-06-03,3450.6,74529.27,2661.82,73422.66,2574.8,50.57,49.34,362.0,300.0
566,2023-09-18,4351.5,95748.12,3538.9,94631.65,3696.4,50.771,49.233,360.0,300.0
567,2023-06-24,3929.8,86805.79,3460.0,85315.56,3554.0,50.801,48.908,356.0,300.0
568,2023-04-16,4450.3,103934.83,4027.5,102640.84,4259.7,50.92,49.11,349.0,295.0
569,2022-05-07,3833.3,88070.57,3396.1,86727.33,3591.3,50.469,49.247,356.0,300.0
570,2023-08-26,4116.6,95259.65,3811.6,94005.31,4041.9,50.29,49.01,349.0,300.0
571,2021-11-11,4444.9,94750.9,3330.7,93647.83,4141.1,51.12,49.74,355.0,293.0
572,2022-05-01,4446.8,99701.1,3699.0,98358.4,4201.2,50.594,48.99,360.0,300.0
573,2022-07-29,3842.7,89152.68,3540.8,87988.96,3948.7,50.597,49.0,354.0,300.0
574,2022-03-26,4056.4,93404.11,3610.7,92470.44,4095.6,50.711,48.87,350.0,300.0
575,2022-11-14,4720.0,106556.34,4089.0,105540.57,4680.0,50.57,49.0,353.0,300.0
576,2022-01-14,4706.74,105014.84,4134.9,103265.94,4171.9,50.546,49.019,352.0,291.0
577,2023-09-12,4165.6,83523.12,1705.0,82279.14,4220.6,50.952,49.056,370.0,300.0
578,2023-03-05,5030.1,114563.24,4387.2,113024.15,4950.5,50.568,49.026,346.0,300.0
579,2021-12-13,4793.8,108213.46,4222.5,106556.79,4505.9,51.034,49.102,353.0,298.0
580,2023-05-22,4564.6,104073.52,3889.7,102502.55,4087.1,51.117,49.138,349.0,290.0
581,2022-02-18,4418.8,101242.59,3945.6,99718.87,4128.1,50.451,49.033,358.0,297.0
582,2023-07-10,4368.01,97092.13,3579.41,95382.07,4336.64,50.682,49.02,349.0,300.0
583,2022-12-18,4888.1,111627.89,4398.01,110281.03,4800.7,50.39,49.0,352.0,300.0
584,2023-07-04,4204.8,97707.12,3929.0,96007.47,4068.7,50.71,49.01,355.0,300.0
585,2022-08-17,4272.7,50429.19,43.0,50059.08,1580.7,51.51,47.15,381.0,300.0
586,2023-01-19,3934.8,88136.82,3472.3,86966.52,3634.7,50.684,49.109,353.0,300.0
587,2022-04-27,4365.68,98486.88,3238.4,97112.61,3469.8,51.184,49.788,361.0,300.0
588,2023-03-11,4618.8,103276.88,4000.2,101873.5,4456.8,50.72,49.09,350.0,300.0
589,2023-09-06,4050.1,82808.26,3136.3,81558.99,3994.4,50.807,49.01,362.0,300.0
590,2023-11-19,4985.64,111944.54,4327.58,110324.83,4891.77,50.467,49.286,345.0,300.0
591,2022-10-31,4601.37,103049.22,4028.9,101864.04,4476.37,50.51,49.0,355.0,300.0
592,2023-04-08,4367.2,100393.8,3946.2,99128.39,4129.4,51.36,49.016,371.0,300.0
593,2022-09-25,4100.8,93324.79,3652.9,92066.47,3713.1,50.34,49.04,352.0,300.0
594,2022-07-23,3940.7,89660.57,3595.2,88381.63,3805.3,50.72,49.046,356.0,300.0
595,2022-05-15,3694.2,84847.4,3346.5,83742.69,3502.8,51.008,49.05,357.0,300.0
596,2023-05-15,4454.86,74969.14,1555.0,73763.11,4381.9,51.75,49.172,376.0,300.0
597,2023-07-23,3753.3,82023.49,3213.98,81036.26,3531.3,50.785,48.7,353.0,300.0
598,2021-10-12,5066.59,101369.14,3533.9,99810.07,4507.1,50.947,49.357,394.0,294.0
599,2023-10-31,4833.34,101100.17,3322.6,99665.0,4802.7,50.751,49.02,352.0,298.0
600,2023-09-25,4712.62,100107.75,3473.3,98934.7,4632.6,51.002,49.53,353.0,300.0
601,2022-04-08,4093.7,72165.24,10.0,71086.1,461.8,53.25,48.13,355.0,300.0
602,2022-12-31,4747.0,106635.14,4035.9,105382.6,4318.3,50.62,49.39,354.0,300.0
603,2021-12-20,4503.9,98918.45,3681.0,97458.69,4416.2,51.026,49.016,352.0,298.0
604,2022-09-06,4667.9,105295.68,3667.5,103996.73,4281.8,50.713,49.562,349.0,300.0
605,2022-03-11,3851.3,85964.95,3386.8,84670.06,3363.4,50.464,49.041,364.0,300.0
606,2023-04-27,4333.2,94920.36,3068.8,93660.3,4166.6,51.093,49.09,353.0,300.0
607,2022-01-19,4766.2,99807.17,3719.3,98335.64,4489.0,50.53,49.041,355.0,296.0
608,2023-08-17,4078.0,94372.64,3611.3,93276.86,4040.7,50.485,49.024,352.0,300.0
609,2022-07-04,3459.19,79746.81,3197.7,78744.85,3399.1,50.351,49.019,360.0,300.0
610,2022-07-10,3908.8,88718.95,3244.4,87487.83,3851.31,51.2,49.024,355.0,300.0
611,2023-02-18,4843.4,108020.93,4226.1,106612.03,4860.0,50.74,49.0,355.0,300.0
612,2022-05-22,3751.1,85209.68,3359.9,84045.52,3943.2,50.491,48.99,357.0,300.0
613,2022-03-05,4402.9,99237.89,3781.8,97853.8,3949.4,50.837,49.0,361.0,300.0
614,2022-09-12,4564.4,93336.38,2899.1,92141.88,4250.3,51.34,49.5,358.0,300.0
615,2023-01-14,3877.4,88115.53,3446.8,86746.88,4172.0,50.719,49.012,359.0,300.0
616,2023-03-26,4667.7,103863.17,3910.4,102486.86,4251.1,51.06,48.7,349.0,283.0
617,2023-11-14,5094.66,107089.02,3988.93,105541.82,4242.75,50.97,49.41,349.0,300.0
618,2021-10-06,4844.3,98480.26,3404.7,97042.39,4120.0,51.08,50.01,347.0,300.0
619,2023-07-29,4150.4,95750.87,3770.78,94530.42,4070.4,50.595,48.88,347.0,300.0
620,2022-01-17,4411.59,96260.27,3308.6,94844.51,3984.8,50.777,49.053,356.0,300.0
621,2022-11-17,4609.8,102835.27,3988.53,101841.07,4234.0,50.4,48.98,353.0,300.0
622,2023-04-09,4373.4,100595.71,3954.0,99264.73,4165.7,50.918,49.07,353.0,300.0
623,2023-10-06,4734.2,104251.02,3737.3,0.0,4365.4,50.711,48.86,347.0,300.0
624,2021-11-14,4909.9,106621.56,4095.6,105198.19,4611.8,51.336,49.094,352.0,300.0
625,2023-08-19,4251.8,90533.11,3255.3,87207.11,3871.7,50.619,49.149,352.0,300.0
626,2022-07-31,3890.7,86914.82,3456.8,85678.61,3675.4,50.588,49.055,355.0,300.0
627,2022-02-13,4727.86,108700.25,4297.3,106878.51,4569.4,50.522,49.13,358.0,299.0
628,2022-10-25,4354.9,90288.65,3008.2,89197.37,4287.5,51.247,49.484,355.0,300.0
629,2021-12-18,4675.13,105545.79,4076.8,103841.8,4317.1,50.477,49.171,352.0,300.0
630,2022-06-02,3302.2,76444.98,2996.6,75342.22,3392.2,50.38,49.12,358.0,300.0
631,2022-04-24,4092.7,87600.87,2561.3,86450.66,3993.0,51.54,49.03,364.0,300.0
632,2022-06-16,3432.2,79072.56,3121.8,77964.55,3104.3,50.777,49.299,356.0,300.0
633,2023-07-07,4657.9,105615.0,4104.72,103990.42,3788.2,50.72,49.029,345.0,300.0
634,2023-02-20,4979.3,112580.14,4366.9,110994.58,4794.1,50.91,49.05,353.0,300.0
635,2021-10-31,4224.9,96765.02,3522.1,95649.37,3844.3,50.86,49.88,356.0,300.0
636,2023-10-12,4931.5,103629.61,3755.3,102342.4,4520.8,50.979,49.668,349.0,300.0
637,2022-07-28,3820.6,87733.7,3474.0,86549.27,3803.5,50.52,49.022,358.0,300.0
638,2023-04-03,4669.6,104082.1,3871.0,102814.69,4430.1,50.46,49.01,351.0,300.0
639,2022-04-03,4302.6,100991.41,4060.4,99881.49,4164.55,50.401,49.461,351.0,300.0
640,2022-12-20,4711.8,106801.45,4214.2,105576.83,4290.4,50.72,49.0,353.0,300.0
641,2023-07-28,4324.8,99419.34,4029.7,98094.13,4090.0,50.48,49.01,346.0,300.0
642,2022-02-20,4945.6,110194.56,4171.8,108598.02,4611.3,50.383,49.228,358.0,300.0
643,2022-10-12,4207.8,97224.69,3423.16,95947.93,4041.6,50.745,49.0,348.0,299.0
644,2022-07-07,3987.1,90687.43,3614.0,89444.05,3730.0,50.417,48.9,355.0,295.0
645,2021-11-19,5097.0,108569.1,3858.0,107000.24,4649.6,50.481,49.575,354.0,300.0
646,2023-08-14,4101.57,92806.01,3482.6,91816.86,4084.5,50.783,49.03,353.0,300.0
647,2023-04-24,4209.2,94982.22,3422.1,93728.04,4519.0,51.108,49.0,357.0,300.0
648,2023-06-02,4762.6,101875.7,3931.6,100198.71,4352.8,50.944,49.371,354.0,284.0
649,2023-02-13,4716.22,105859.27,4016.5,104370.07,4630.3,51.195,49.036,368.0,300.0
650,2023-07-31,4192.5,98492.14,3975.0,97074.58,3979.6,50.631,49.083,350.0,300.0
651,2023-10-25,4846.96,112031.71,4520.8,110693.98,4879.3,50.584,49.01,348.0,289.0
652,2022-10-06,4249.79,96003.99,3673.8,94601.06,4370.34,50.94,49.21,350.0,300.0
653,2022-08-19,4772.7,101635.61,3413.0,100707.1,4097.3,51.225,49.045,351.0,300.0
654,2023-11-17,4870.99,112254.09,4391.77,110526.79,4823.25,50.769,49.188,345.0,300.0
655,2022-04-09,3281.5,37964.93,33.0,37440.1,3411.9,51.98,48.0,363.0,300.0
656,2023-01-17,4020.1,89894.68,3466.0,88557.46,3738.0,50.577,49.051,349.0,302.0
657,2022-11-25,4255.36,95226.7,3801.8,94002.63,4136.44,50.26,48.99,352.0,300.0
658,2022-03-13,3775.5,87260.47,3501.2,86131.65,4044.4,50.715,49.014,365.0,300.0
659,2022-08-31,4664.1,104018.08,3450.7,102751.99,3949.2,51.197,49.369,352.0,300.0
660,2022-01-25,5030.4,102625.22,3877.0,101130.73,4633.1,50.77,49.298,358.0,296.0
661,2022-05-30,3701.2,84849.41,3370.0,83723.57,3647.4,51.08,49.045,356.0,300.0
662,2022-07-02,3543.93,79955.89,3186.8,78726.11,3247.9,50.449,49.01,357.0,290.0
663,2023-05-09,4305.1,100360.1,4035.1,98918.49,4244.5,50.731,49.03,356.0,294.0
664,2022-10-17,4145.0,94430.41,3770.2,93292.88,3962.13,50.331,49.163,350.0,300.0
665,2023-07-21,3949.8,87021.84,3514.4,85663.34,3561.7,50.313,48.85,349.0,300.0
666,2023-09-19,3788.7,64864.13,181.7,64069.73,4144.5,51.235,47.1,361.0,295.0
667,2021-10-14,5093.01,103425.96,3631.4,101933.48,4513.1,50.757,49.174,348.0,294.0
668,2023-11-06,4735.13,106187.79,4080.7,104700.25,4671.63,50.643,49.128,350.0,300.0
669,2021-12-26,4752.4,104592.45,4011.2,102893.16,4333.9,50.536,49.438,357.0,298.0
670,2023-01-06,4544.0,104516.61,4178.1,103128.62,4233.1,50.5,49.06,357.0,300.0
671,2022-06-28,3335.9,73076.27,2805.7,72082.42,3049.1,50.626,49.0,359.0,301.0
672,2023-01-12,4126.38,88406.71,3350.8,86988.44,4213.8,50.621,48.961,367.0,306.0
673,2023-11-12,4964.66,107134.78,3950.17,105494.33,4934.98,50.772,48.83,352.0,300.0
674,2023-03-20,4841.5,110991.94,4443.1,109441.3,4848.9,50.701,49.014,350.0,300.0
675,2023-05-03,4296.83,99124.65,3939.2,97814.23,4202.1,50.864,49.026,355.0,300.0
676,2022-07-16,3690.5,86644.51,3534.2,85644.46,3805.0,50.311,48.994,358.0,300.0
677,2022-05-24,3865.44,86781.96,3487.3,85563.15,3670.8,50.418,48.7,355.0,300.0
678,2023-06-07,4394.1,94547.56,2688.7,93093.87,3105.8,51.49,49.34,360.0,300.0
679,2022-09-14,4289.6,97076.58,3750.4,95760.38,3982.6,50.45,48.76,353.0,300.0
680,2023-09-14,3718.1,41100.2,36.7,40304.58,3882.9,51.114,48.41,364.0,303.0
681,2021-10-19,4797.17,97834.83,3601.5,96204.92,4280.5,50.96,50.01,348.0,300.0
682,2021-12-11,4623.0,105829.35,4070.9,104241.17,4735.3,50.437,48.82,353.0,300.0
683,2022-06-07,3504.9,77917.94,2903.4,76851.08,3309.0,50.485,49.0,360.0,300.0
684,2023-05-24,4637.54,103204.64,3800.9,101569.97,4280.6,51.354,49.82,350.0,300.0
685,2023-07-16,4441.37,99114.11,3723.4,97394.59,4154.3,50.89,49.18,354.0,300.0
686,2022-05-03,4291.88,100217.06,3975.5,98759.26,4077.6,50.481,49.132,358.0,300.0
687,2022-11-12,4593.0,104920.37,3940.7,103848.41,4342.8,50.57,49.09,353.0,300.0
688,2022-03-20,3869.8,86560.01,3341.3,85579.02,3522.8,50.532,49.083,360.0,302.0
689,2022-01-12,4662.4,105452.1,4069.6,102651.88,4168.8,50.915,48.69,354.0,290.0
690,2023-06-28,4546.8,93642.77,3254.1,92084.43,3794.6,50.964,49.398,354.0,300.0
691,2022-01-06,4831.0,105952.71,3937.6,104540.21,4420.4,50.492,49.29,351.0,291.0
692,2022-09-19,4328.1,98745.75,3718.4,97400.44,4187.2,50.613,49.101,352.0,300.0
693,2022-11-06,4735.1,107107.29,4264.1,105853.22,4622.6,50.72,49.48,353.0,300.0
694,2022-07-21,3935.13,89301.29,3309.6,88121.61,3945.8,50.727,49.165,356.0,300.0
695,2023-10-17,4910.81,102546.81,3739.6,101109.2,4781.0,50.736,49.412,354.0,300.0
696,2023-07-02,4579.6,97270.96,3231.8,95525.0,4461.8,50.96,49.01,358.0,300.0
697,2023-05-30,4682.3,105542.38,3915.3,103813.46,4645.0,50.753,49.044,349.0,300.0
698,2021-12-05,4970.4,106381.18,3982.1,104901.76,4759.5,50.44,49.23,351.0,300.0
699,2023-11-25,4850.83,108938.4,3794.04,107369.0,3788.64,50.749,49.217,346.0,299.0
700,2023-08-31,4376.4,99220.33,3882.14,98007.58,4347.4,50.42,49.08,348.0,300.0
701,2023-03-13,4418.16,101565.05,4131.47,100089.92,4646.5,50.62,49.04,345.0,300.0
702,2023-02-05,4674.4,108633.07,4233.3,107089.38,4516.4,50.83,49.12,354.0,300.0
703,2023-08-12,4168.0,96342.97,3838.0,95018.99,3993.5,50.79,49.016,359.0,300.0
704,2021-11-25,5043.27,111760.27,4170.4,110132.38,4840.9,50.386,49.248,352.0,295.0
705,2023-06-10,4675.71,99637.1,3790.4,98041.3,4028.0,51.89,49.033,359.0,300.0
706,2022-03-18,3596.1,82304.09,3061.5,81279.47,3677.2,50.88,49.47,361.0,299.0
707,2023-04-22,4324.1,98186.25,3914.7,96930.15,4174.9,51.102,49.056,353.0,300.0
708,2021-10-17,4736.49,95042.59,3199.8,93579.82,3703.6,51.3,49.93,352.0,300.0
709,2022-04-01,4311.1,100234.52,3719.7,99028.28,3922.2,50.733,49.014,353.0,300.0
710,2022-12-26,5061.2,112075.81,3792.6,110531.53,4546.9,50.816,49.379,353.0,300.0
711,2022-10-14,3777.34,85781.97,2974.5,84862.81,3658.77,50.725,49.018,350.0,291.0
712,2022-02-26,4588.4,105284.7,4102.4,103805.02,4550.1,50.427,49.149,356.0,300.0
713,2022-08-25,4747.9,105011.29,3760.7,103707.2,4365.5,50.59,49.515,352.0,300.0
714,2023-05-08,4210.8,95487.84,3767.9,94159.02,4255.5,50.8,48.84,352.0,300.0
715,2022-09-30,3948.8,90699.71,3461.0,89673.29,3761.0,50.641,48.99,353.0,300.0
716,2022-04-15,4142.1,93596.17,3660.0,92583.3,3580.0,50.766,49.407,359.0,300.0
717,2022-06-23,3886.9,84481.7,3343.1,83144.02,3568.5,50.723,49.266,354.0,300.0
718,2022-09-17,4362.4,100004.43,3817.4,98719.67,4363.9,50.898,49.095,351.0,300.0
719,2023-06-04,4314.94,97986.51,3843.8,96527.47,4320.57,50.484,49.041,352.0,300.0
720,2023-10-19,4905.6,104302.26,3164.5,103013.71,4872.0,50.831,49.126,345.0,290.0
721,2023-08-06,3803.6,86295.59,3455.54,85005.73,3836.9,50.846,48.89,357.0,300.0
722,2023-02-11,4443.9,99070.57,3478.8,97656.02,4312.9,51.339,49.033,359.0,300.0
723,2022-05-27,3638.0,84323.34,3390.4,83240.62,3535.2,50.556,48.99,355.0,300.0
724,2022-12-11,4527.84,104239.43,4123.1,102693.65,4496.99,50.76,49.0,354.0,300.0
725,2022-10-19,4196.2,95961.64,3850.8,94799.8,4113.3,50.37,49.08,349.0,288.0
726,2023-05-27,4379.51,84376.58,2291.4,83183.98,4052.3,51.598,48.912,363.0,300.0
727,2022-02-11,4761.4,106809.07,4080.7,105054.97,4772.0,50.729,48.36,360.0,300.0
728,2022-08-06,4218.3,96949.33,3821.7,95681.23,3935.8,50.479,49.0,358.0,300.0
729,2023-09-17,4376.46,94614.69,3668.7,93508.03,4268.8,50.781,49.203,351.0,300.0
730,2023-06-23,4252.8,95672.36,3610.0,94061.81,3786.2,50.935,49.02,355.0,300.0
731,2023-04-15,4452.24,104808.36,4207.2,103482.76,4314.9,50.852,49.019,350.0,300.0
732,2022-05-08,3971.4,87806.43,3485.4,86508.15,3653.8,50.623,49.657,357.0,300.0
733,2023-08-25,4218.27,96070.25,3802.5,94772.53,4094.7,50.37,48.76,350.0,300.0
734,2023-09-30,4895.5,103338.44,3784.3,101986.55,4407.0,50.66,49.01,347.0,300.0
735,2021-11-06,4789.2,100941.01,3693.2,99560.97,4228.3,50.422,49.455,351.0,300.0
736,2023-10-14,5151.4,106085.95,3793.1,104452.79,4633.3,50.641,49.53,348.0,300.0
737,2023-02-26,4931.9,102026.44,3355.3,100512.87,4858.0,51.32,49.34,353.0,300.0
738,2023-04-01,4705.91,108688.69,4230.7,107490.05,4536.9,50.596,49.0,348.0,300.0
739,2023-06-29,4522.06,99168.58,3317.31,97566.54,4328.3,50.841,49.0,354.0,300.0
740,2022-04-22,4266.64,96669.74,3808.2,95568.21,4296.7,50.618,49.0,357.0,300.0
741,2023-03-18,4765.3,105601.38,4015.8,104057.62,4333.9,50.759,49.199,344.0,300.0
742,2022-06-10,3633.7,78596.91,3003.7,77396.62,3508.0,50.73,49.024,355.0,300.0
743,2022-08-12,4289.9,97225.74,3798.9,96168.68,4121.4,50.5,49.02,355.0,300.0
744,2022-02-05,4862.9,98110.76,3707.3,97053.73,4370.7,50.94,49.107,362.0,300.0
745,2022-12-05,4553.8,106809.41,4344.02,105443.07,4474.4,50.22,49.0,349.0,300.0
